Canada; Mexico; United States of America
Viet Nam; Austria;Belgium;Bulgaria;Croatia;Cyprus;Czech Republic;Denmark;Estonia;Finland;France;Germany;Greece;Hungary;Ireland;Italy;Latvia;Lithuania;Luxembourg;Malta;Netherlands;Poland;Portugal;Romania;Slovak Republic;Slovenia;Spain;Sweden
Australia; Peru
Singapore; Austria;Belgium;Bulgaria;Croatia;Cyprus;Czech Republic;Denmark;Estonia;Finland;France;Germany;Greece;Hungary;Ireland;Italy;Latvia;Lithuania;Luxembourg;Malta;Netherlands;Poland;Portugal;Romania;Slovak Republic;Slovenia;Spain;Sweden
Chile; Indonesia
Iran; Armenia; Belarus;Kazakhstan; Kyrgyz Republic;Russian Federation
Australia; Hong Kong, China
Indonesia; Pakistan
Armenia; Austria;Belgium;Bulgaria;Croatia;Cyprus;Czech Republic;Denmark;Estonia;Finland;France;Germany;Greece;Hungary;Ireland;Italy;Latvia;Lithuania;Luxembourg;Malta;Netherlands;Poland;Portugal;Romania;Slovak Republic;Slovenia;Spain;Sweden
Bolivia, Plurinational State of; Mexico
Ecuador; Mexico
Mexico; Paraguay
Brazil; Mexico
Cuba; Mexico
Argentina; Mexico
Morocco; United Arab Emirates
Israel; Argentina;Brazil;Paraguay;Uruguay
Georgia; Hong Kong, China
Japan; Austria;Belgium;Bulgaria;Croatia;Cyprus;Czech Republic;Denmark;Estonia;Finland;France;Germany;Greece;Hungary;Ireland;Italy;Latvia;Lithuania;Luxembourg;Malta;Netherlands;Poland;Portugal;Romania;Slovak Republic;Slovenia;Spain;Sweden
Australia; Brunei Darussalam; Canada; Chile; Japan; Malaysia; Mexico; New Zealand; Peru; Singapore; Viet Nam
Philippines; Iceland;Liechtenstein;Norway;Switzerland
Honduras; Peru
Singapore; Turkey
China; Georgia
Ecuador; El Salvador
Egypt; Argentina;Brazil;Paraguay;Uruguay
Hong Kong, China; Macao, China
Canada; Austria;Belgium;Bulgaria;Croatia;Cyprus;Czech Republic;Denmark;Estonia;Finland;France;Germany;Greece;Hungary;Ireland;Italy;Latvia;Lithuania;Luxembourg;Malta;Netherlands;Poland;Portugal;Romania;Slovak Republic;Slovenia;Spain;Sweden
Canada; Ukraine
Chile; Thailand
Georgia; Iceland;Liechtenstein;Norway;Switzerland
Argentina;Brazil;Paraguay;Uruguay; Botswana;Lesotho;Namibia;South Africa;Eswatini
India; Thailand
Viet Nam; Armenia;Belarus;Kazakhstan;Kyrgyz Republic;Russian Federation
Botswana; Lesotho; Mozambique; Namibia; South Africa; Eswatini; Austria;Belgium;Bulgaria;Croatia;Cyprus;Czech Republic;Denmark;Estonia;Finland;France;Germany;Greece;Hungary;Ireland;Italy;Latvia;Lithuania;Luxembourg;Malta;Netherlands;Poland;Portugal;Romania;Slovak Republic;Slovenia;Spain;Sweden
Azerbaijan; Georgia; Moldova, Republic of; Ukraine
Ghana; Austria;Belgium;Bulgaria;Croatia;Cyprus;Czech Republic;Denmark;Estonia;Finland;France;Germany;Greece;Hungary;Ireland;Italy;Latvia;Lithuania;Luxembourg;Malta;Netherlands;Poland;Portugal;Romania;Slovak Republic;Slovenia;Spain;Sweden
Malaysia; Turkey
Moldova, Republic of; Turkey
Chile; Colombia; Mexico; Peru
Colombia; Costa Rica
Colombia; Korea, Republic of
Mexico; Panama
Japan; Mongolia
Dominican Republic; Panama
Korea, Republic of; Viet Nam
China; Korea, Republic of
Jordan; Morocco; Tunisia; Egypt
Australia; China
Korea, Republic of; New Zealand
Mauritius; Pakistan
Singapore; Bahrain, Kingdom of;Kuwait, the State of;Oman;Qatar;Saudi Arabia, Kingdom of;United Arab Emirates
Chile; Viet Nam
Canada; Honduras
Canada; Korea, Republic of
Australia; Japan
Bosnia and Herzegovina; Iceland;Liechtenstein;Norway;Switzerland
Australia; Korea, Republic of
Armenia; Belarus; Kazakhstan; Kyrgyz Republic; Russian Federation
Costa Rica; Panama; Iceland;Liechtenstein;Norway;Switzerland
Chile; Hong Kong, China
China; Iceland
Georgia; Austria; Belgium; Bulgaria; Croatia; Cyprus; Czech Republic; Denmark;Estonia;Finland;France;Germany;Greece;Hungary;Ireland;Italy;Latvia;Lithuania;Luxembourg;Malta;Netherlands;Poland;Portugal;Romania;Slovak Republic;Slovenia;Spain;Sweden
Ukraine; Austria;Belgium;Bulgaria;Croatia;Cyprus;Czech Republic;Denmark;Estonia;Finland;France;Germany;Greece;Hungary;Ireland;Italy;Latvia;Lithuania;Luxembourg;Malta;Netherlands;Poland;Portugal;Romania;Slovak Republic;Slovenia;Spain;Sweden
Moldova, Republic of; Austria;Belgium;Bulgaria;Croatia;Cyprus;Czech Republic;Denmark;Estonia;Finland;France;Germany;Greece;Hungary;Ireland;Italy;Latvia;Lithuania;Luxembourg;Malta;Netherlands;Poland;Portugal;Romania;Slovak Republic;Slovenia;Spain;Sweden
China; Switzerland
China, Taiwan Province of; Singapore
Costa Rica; El Salvador; Guatemala; Honduras; Mexico; Nicaragua
Cuba; El Salvador
China, Taiwan Province of; New Zealand
Costa Rica; Singapore
Mexico; Uruguay
Chile; Nicaragua
Armenia; Belarus; Kazakhstan; Kyrgyz Republic; Moldova, Republic of; Russian Federation; Tajikistan; Ukraine
Costa Rica; Peru
Mauritius; Turkey
Australia; Malaysia
Korea, Republic of; Turkey
Ukraine; Montenegro
Guatemala; Panama
Canada; Panama
Canada; Jordan
Costa Rica; El Salvador; Guatemala; Honduras; Nicaragua; Panama; Austria;Belgium;Bulgaria;Croatia;Cyprus;Czech Republic;Denmark;Estonia;Finland;France;Germany;Greece;Hungary;Ireland;Italy;Latvia;Lithuania;Luxembourg;Malta;Netherlands;Poland;Portugal;Romania;Slovak Republic;Slovenia;Spain;Sweden
Colombia; Ecuador; Peru; Austria;Belgium;Bulgaria;Croatia;Cyprus;Czech Republic;Denmark;Estonia;Finland;France;Germany;Greece;Hungary;Ireland;Italy;Latvia;Lithuania;Luxembourg;Malta;Netherlands;Poland;Portugal;Romania;Slovak Republic;Slovenia;Spain;Sweden
Nicaragua; Panama
Chile; Malaysia
Russian Federation; Uzbekistan
Russian Federation; Turkmenistan
Belarus; Kazakhstan; Russian Federation
Russian Federation; Serbia
Panama; United States of America
Montenegro; Iceland;Liechtenstein;Norway;Switzerland
Hong Kong, China; Iceland;Liechtenstein;Norway;Switzerland
Azerbaijan; Russian Federation
Colombia; El Salvador; Guatemala; Honduras
Ukraine; Iceland;Liechtenstein;Norway;Switzerland
Colombia; United States of America
Panama; Peru
Chile; Guatemala
Korea, Republic of; United States of America
China; Costa Rica
Japan; Peru
Mexico; Peru
Madagascar; Mauritius; Seychelles; Zimbabwe; Austria;Belgium;Bulgaria;Croatia;Cyprus;Czech Republic;Denmark;Estonia;Finland;France;Germany;Greece;Hungary;Ireland;Italy;Latvia;Lithuania;Luxembourg;Malta;Netherlands;Poland;Portugal;Romania;Slovak Republic;Slovenia;Spain;Sweden
Malaysia; New Zealand
Costa Rica; Dominican Republic; El Salvador; Guatemala; Honduras; Nicaragua
Chile; Peru
Chile; Honduras
Solomon Islands; Fiji; Papua New Guinea; Samoa; Austria;Belgium;Bulgaria;Croatia;Cyprus;Czech Republic;Denmark;Estonia;Finland;France;Germany;Greece;Hungary;Ireland;Italy;Latvia;Lithuania;Luxembourg;Malta;Netherlands;Poland;Portugal;Romania;Slovak Republic;Slovenia;Spain;Sweden
Canada; Colombia
India; Japan
Colombia; Iceland;Liechtenstein;Norway;Switzerland
India; Malaysia
Korea, Republic of; Peru
China, Taiwan Province of; Guatemala
Korea, Republic of; Austria;Belgium;Bulgaria;Croatia;Cyprus;Czech Republic;Denmark;Estonia;Finland;France;Germany;Greece;Hungary;Ireland;Italy;Latvia;Lithuania;Luxembourg;Malta;Netherlands;Poland;Portugal;Romania;Slovak Republic;Slovenia;Spain;Sweden
Peru; Iceland;Liechtenstein;Norway;Switzerland
Chile; Turkey
Albania; Iceland;Liechtenstein;Norway;Switzerland
Hong Kong, China; New Zealand
Serbia; Iceland;Liechtenstein;Norway;Switzerland
Colombia; Mexico
India; Brunei Darussalam;Myanmar;Cambodia;Indonesia;Lao People's Democratic Republic;Malaysia;Philippines;Singapore;Viet Nam;Thailand
Turkey; Serbia
India; Nepal
Korea, Republic of; Brunei Darussalam;Myanmar;Cambodia;Indonesia;Lao People's Democratic Republic;Malaysia;Philippines;Singapore;Viet Nam;Thailand
India; Korea, Republic of
Serbia; Austria;Belgium;Bulgaria;Croatia;Cyprus;Czech Republic;Denmark;Estonia;Finland;France;Germany;Greece;Hungary;Ireland;Italy;Latvia;Lithuania;Luxembourg;Malta;Netherlands;Poland;Portugal;Romania;Slovak Republic;Slovenia;Spain;Sweden
Australia; New Zealand; Brunei Darussalam;Myanmar;Cambodia;Indonesia;Lao People's Democratic Republic;Malaysia;Philippines;Singapore;Viet Nam;Thailand
China, Taiwan Province of; El Salvador; Honduras
Turkey; Montenegro
Afghanistan; India
China; Peru
San Marino; Austria;Belgium;Bulgaria;Croatia;Cyprus;Czech Republic;Denmark;Estonia;Finland;France;Germany;Greece;Hungary;Ireland;Italy;Latvia;Lithuania;Luxembourg;Malta;Netherlands;Poland;Portugal;Romania;Slovak Republic;Slovenia;Spain;Sweden
India; Argentina;Brazil;Paraguay;Uruguay
Honduras; Panama
Japan; Brunei Darussalam;Myanmar;Cambodia;Indonesia;Lao People's Democratic Republic;Malaysia;Philippines;Singapore;Viet Nam;Thailand
Japan; Viet Nam
Cameroon; Austria;Belgium;Bulgaria;Croatia;Cyprus;Czech Republic;Denmark;Estonia;Finland;France;Germany;Greece;Hungary;Ireland;Italy;Latvia;Lithuania;Luxembourg;Malta;Netherlands;Poland;Portugal;Romania;Slovak Republic;Slovenia;Spain;Sweden
Japan; Switzerland
Chile; Colombia
Canada; Iceland;Liechtenstein;Norway;Switzerland
Canada; Peru
Peru; Singapore
China, Taiwan Province of; Panama
China, Taiwan Province of; Nicaragua
China; New Zealand
Costa Rica; Panama
Australia; Chile
China; Singapore
Georgia; Turkey
Peru; United States of America
Oman; United States of America
Chile; India
Japan; Philippines
Cote d'Ivoire; Austria;Belgium;Bulgaria;Croatia;Cyprus;Czech Republic;Denmark;Estonia;Finland;France;Germany;Greece;Hungary;Ireland;Italy;Latvia;Lithuania;Luxembourg;Malta;Netherlands;Poland;Portugal;Romania;Slovak Republic;Slovenia;Spain;Sweden
Iceland;Liechtenstein;Norway;Switzerland; Botswana;Lesotho;Namibia;South Africa;Eswatini
Antigua and Barbuda; Bahamas; Barbados; Belize; Dominica; Dominican Republic; Grenada; Guyana; Jamaica; Saint Kitts and Nevis; Saint Lucia; Saint Vincent and the Grenadines; Suriname; Trinidad and Tobago; Austria;Belgium;Bulgaria;Croatia;Cyprus;Czech Republic;Denmark;Estonia;Finland;France;Germany;Greece;Hungary;Ireland;Italy;Latvia;Lithuania;Luxembourg;Malta;Netherlands;Poland;Portugal;Romania;Slovak Republic;Slovenia;Spain;Sweden
Solomon Islands; Cook Islands; Fiji; Kiribati; Nauru; Vanuatu; Niue; Micronesia, Federated States of; Papua New Guinea; Tonga; Tuvalu; Samoa
Azerbaijan; Ukraine
Belarus; Ukraine
Kazakhstan; Ukraine
Ukraine; North Macedonia
Moldova, Republic of; Ukraine
Tajikistan; Ukraine
Turkmenistan; Ukraine
Ukraine; Uzbekistan
Belarus; Kazakhstan; Russian Federation; Ukraine
Brunei Darussalam; Japan
Bosnia and Herzegovina; Austria;Belgium;Bulgaria;Croatia;Cyprus;Czech Republic;Denmark;Estonia;Finland;France;Germany;Greece;Hungary;Ireland;Italy;Latvia;Lithuania;Luxembourg;Malta;Netherlands;Poland;Portugal;Romania;Slovak Republic;Slovenia;Spain;Sweden
Faeroe Islands; Iceland
Bhutan; India
Indonesia; Japan
Sri Lanka; Pakistan
Albania; Turkey
Afghanistan; Bangladesh; Bhutan; Sri Lanka; India; Maldives; Nepal; Pakistan
Chile; Panama
Malaysia; Pakistan
China; Pakistan
Montenegro; Austria;Belgium;Bulgaria;Croatia;Cyprus;Czech Republic;Denmark;Estonia;Finland;France;Germany;Greece;Hungary;Ireland;Italy;Latvia;Lithuania;Luxembourg;Malta;Netherlands;Poland;Portugal;Romania;Slovak Republic;Slovenia;Spain;Sweden
Japan; Thailand
Turkey; Egypt
Chile; Japan
Albania; Bosnia and Herzegovina; Moldova, Republic of; North Macedonia; UNMIK/Kosovo; Serbia; Montenegro
Egypt; Iceland;Liechtenstein;Norway;Switzerland
Botswana; Lesotho; Namibia; South Africa; Eswatini
Chile; China
Brunei Darussalam; Chile; New Zealand; Singapore
India; Singapore
Panama; Singapore
Albania; Austria;Belgium;Bulgaria;Croatia;Cyprus;Czech Republic;Denmark;Estonia;Finland;France;Germany;Greece;Hungary;Ireland;Italy;Latvia;Lithuania;Luxembourg;Malta;Netherlands;Poland;Portugal;Romania;Slovak Republic;Slovenia;Spain;Sweden
Syrian Arab Republic; Turkey
Lebanese Republic; Iceland;Liechtenstein;Norway;Switzerland
Bahrain, Kingdom of; Iraq; Jordan; Kuwait, the State of; Lebanese Republic; Libya; Morocco; Oman; Qatar; Saudi Arabia, Kingdom of; Sudan; Syrian Arab Republic; United Arab Emirates; Tunisia; Egypt; Yemen
Bahrain, Kingdom of; Kuwait, the State of; Oman; Qatar; Saudi Arabia, Kingdom of; United Arab Emirates
Bahrain, Kingdom of; United States of America
Korea, Republic of; Iceland;Liechtenstein;Norway;Switzerland
Algeria; Austria;Belgium;Bulgaria;Croatia;Cyprus;Czech Republic;Denmark;Estonia;Finland;France;Germany;Greece;Hungary;Ireland;Italy;Latvia;Lithuania;Luxembourg;Malta;Netherlands;Poland;Portugal;Romania;Slovak Republic;Slovenia;Spain;Sweden
Japan; Malaysia
Jordan; Singapore
Costa Rica; Dominican Republic; El Salvador; Guatemala; Honduras; Nicaragua; United States of America
Korea, Republic of; Singapore
Morocco; Turkey
Morocco; United States of America
New Zealand; Thailand
China; Brunei Darussalam;Myanmar;Cambodia;Indonesia;Lao People's Democratic Republic;Malaysia;Philippines;Singapore;Viet Nam;Thailand
Palestine; Turkey
Tunisia; Turkey
Cabo Verde; Benin; The Gambia; Ghana; Guinea; Cote d'Ivoire; Liberia; Mali; Niger; Nigeria; Guinea-Bissau; Senegal; Sierra Leone; Togo; Burkina Faso
Tunisia; Iceland;Liechtenstein;Norway;Switzerland
Japan; Mexico
El Salvador; Panama
Australia; Thailand
Australia; United States of America
Chile; Iceland;Liechtenstein;Norway;Switzerland
Egypt; Austria;Belgium;Bulgaria;Croatia;Cyprus;Czech Republic;Denmark;Estonia;Finland;France;Germany;Greece;Hungary;Ireland;Italy;Latvia;Lithuania;Luxembourg;Malta;Netherlands;Poland;Portugal;Romania;Slovak Republic;Slovenia;Spain;Sweden
Angola; Botswana; Lesotho; Malawi; Mauritius; Mozambique; Namibia; Seychelles; South Africa; Zimbabwe; Eswatini; Tanzania; Zambia
Armenia; Turkmenistan
Armenia; Moldova, Republic of
Armenia; Kazakhstan
Armenia; Ukraine
Chile; Korea, Republic of
Chile; Austria;Belgium;Bulgaria;Croatia;Cyprus;Czech Republic;Denmark;Estonia;Finland;France;Germany;Greece;Hungary;Ireland;Italy;Latvia;Lithuania;Luxembourg;Malta;Netherlands;Poland;Portugal;Romania;Slovak Republic;Slovenia;Spain;Sweden
Chile; El Salvador
China; Macao, China
China; Hong Kong, China
Singapore; United States of America
Chile; United States of America
Australia; Singapore
Bosnia and Herzegovina; Turkey
Lebanese Republic; Austria;Belgium;Bulgaria;Croatia;Cyprus;Czech Republic;Denmark;Estonia;Finland;France;Germany;Greece;Hungary;Ireland;Italy;Latvia;Lithuania;Luxembourg;Malta;Netherlands;Poland;Portugal;Romania;Slovak Republic;Slovenia;Spain;Sweden
Singapore; Iceland;Liechtenstein;Norway;Switzerland
Canada; Costa Rica
Jordan; Austria;Belgium;Bulgaria;Croatia;Cyprus;Czech Republic;Denmark;Estonia;Finland;France;Germany;Greece;Hungary;Ireland;Italy;Latvia;Lithuania;Luxembourg;Malta;Netherlands;Poland;Portugal;Romania;Slovak Republic;Slovenia;Spain;Sweden
Japan; Singapore
Sri Lanka; India
Chile; Costa Rica
Jordan; Iceland;Liechtenstein;Norway;Switzerland
Jordan; United States of America
North Macedonia; Austria;Belgium;Bulgaria;Croatia;Cyprus;Czech Republic;Denmark;Estonia;Finland;France;Germany;Greece;Hungary;Ireland;Italy;Latvia;Lithuania;Luxembourg;Malta;Netherlands;Poland;Portugal;Romania;Slovak Republic;Slovenia;Spain;Sweden
New Zealand; Singapore
Mexico; Iceland;Liechtenstein;Norway;Switzerland
Chile; Mexico
Israel; Mexico
Armenia; Georgia
Azerbaijan; Georgia
Georgia; Kazakhstan
Georgia; Russian Federation
Georgia; Turkmenistan
Georgia; Ukraine
Turkey; North Macedonia
Armenia; Kyrgyz Republic
North Macedonia; Iceland;Liechtenstein;Norway;Switzerland
South Africa; Austria;Belgium;Bulgaria;Croatia;Cyprus;Czech Republic;Denmark;Estonia;Finland;France;Germany;Greece;Hungary;Ireland;Italy;Latvia;Lithuania;Luxembourg;Malta;Netherlands;Poland;Portugal;Romania;Slovak Republic;Slovenia;Spain;Sweden
Morocco; Austria;Belgium;Bulgaria;Croatia;Cyprus;Czech Republic;Denmark;Estonia;Finland;France;Germany;Greece;Hungary;Ireland;Italy;Latvia;Lithuania;Luxembourg;Malta;Netherlands;Poland;Portugal;Romania;Slovak Republic;Slovenia;Spain;Sweden
Burundi; Kenya; Rwanda; Uganda; Tanzania
Israel; Austria;Belgium;Bulgaria;Croatia;Cyprus;Czech Republic;Denmark;Estonia;Finland;France;Germany;Greece;Hungary;Ireland;Italy;Latvia;Lithuania;Luxembourg;Malta;Netherlands;Poland;Portugal;Romania;Slovak Republic;Slovenia;Spain;Sweden
Mexico; Austria;Belgium;Bulgaria;Croatia;Cyprus;Czech Republic;Denmark;Estonia;Finland;France;Germany;Greece;Hungary;Ireland;Italy;Latvia;Lithuania;Luxembourg;Malta;Netherlands;Poland;Portugal;Romania;Slovak Republic;Slovenia;Spain;Sweden
Morocco; Iceland;Liechtenstein;Norway;Switzerland
Benin; Cote d'Ivoire; Mali; Niger; Senegal; Togo; Burkina Faso
Solomon Islands; Fiji; Vanuatu; Papua New Guinea
Palestine; Iceland;Liechtenstein;Norway;Switzerland
Cameroon; Central African Republic; Chad; Congo; Equatorial Guinea; Gabon
Azerbaijan; Georgia; Turkmenistan; Uzbekistan
Kazakhstan; Kyrgyz Republic
Kyrgyz Republic; Moldova, Republic of
Kyrgyz Republic; Ukraine
Kyrgyz Republic; Uzbekistan
Tunisia; Austria;Belgium;Bulgaria;Croatia;Cyprus;Czech Republic;Denmark;Estonia;Finland;France;Germany;Greece;Hungary;Ireland;Italy;Latvia;Lithuania;Luxembourg;Malta;Netherlands;Poland;Portugal;Romania;Slovak Republic;Slovenia;Spain;Sweden
Israel; Turkey
Andorra; Austria;Belgium;Bulgaria;Croatia;Cyprus;Czech Republic;Denmark;Estonia;Finland;France;Germany;Greece;Hungary;Ireland;Italy;Latvia;Lithuania;Luxembourg;Malta;Netherlands;Poland;Portugal;Romania;Slovak Republic;Slovenia;Spain;Sweden
Canada; Chile
Palestine; Austria;Belgium;Bulgaria;Croatia;Cyprus;Czech Republic;Denmark;Estonia;Finland;France;Germany;Greece;Hungary;Ireland;Italy;Latvia;Lithuania;Luxembourg;Malta;Netherlands;Poland;Portugal;Romania;Slovak Republic;Slovenia;Spain;Sweden
Bangladesh; Bhutan; Sri Lanka; India; Maldives; Nepal; Pakistan
Faeroe Islands; Austria;Belgium;Bulgaria;Croatia;Cyprus;Czech Republic;Denmark;Estonia;Finland;France;Germany;Greece;Hungary;Ireland;Italy;Latvia;Lithuania;Luxembourg;Malta;Netherlands;Poland;Portugal;Romania;Slovak Republic;Slovenia;Spain;Sweden
Canada; Israel
Iceland; Liechtenstein; Norway; Austria;Belgium;Bulgaria;Croatia;Cyprus;Czech Republic;Denmark;Estonia;Finland;France;Germany;Greece;Hungary;Ireland;Italy;Latvia;Lithuania;Luxembourg;Malta;Netherlands;Poland;Portugal;Romania;Slovak Republic;Slovenia;Spain;Sweden
Faeroe Islands; Norway
Faeroe Islands; Switzerland
Turkey; Austria;Belgium;Bulgaria;Croatia;Cyprus;Czech Republic;Denmark;Estonia;Finland;France;Germany;Greece;Hungary;Ireland;Italy;Latvia;Lithuania;Luxembourg;Malta;Netherlands;Poland;Portugal;Romania;Slovak Republic;Slovenia;Spain;Sweden
Angola; Burundi; Comoros; Democratic Republic of the Congo; Ethiopia; Eritrea; Kenya; Lesotho; Malawi; Mauritius; Rwanda; Zimbabwe; Sudan; Eswatini; Uganda; Egypt; Tanzania; Zambia
Israel; Iceland;Liechtenstein;Norway;Switzerland
Brunei Darussalam; Myanmar; Cambodia; Indonesia; Lao People's Democratic Republic; Malaysia; Philippines; Singapore; Viet Nam; Thailand
Iran; Pakistan; Turkey
Turkey; Iceland;Liechtenstein;Norway;Switzerland
Lao People's Democratic Republic; Thailand
Argentina; Brazil; Paraguay; Uruguay
Bolivia, Plurinational State of; Colombia; Ecuador; Peru; Venezuela, Bolivarian Republic of
Algeria; Argentina; Bangladesh; Bolivia, Plurinational State of; Brazil; Myanmar; Cameroon; Sri Lanka; Chile; Colombia; Cuba; Benin; Ecuador; Ghana; Guinea; Guyana; India; Indonesia; Iran; Iraq; Korea, Democratic People's Republic of; Korea, Republic of; Libya; Malaysia; Mexico; Morocco; Mozambique; Nicaragua; Nigeria; Pakistan; Peru; Philippines; Singapore; Viet Nam; Zimbabwe; Sudan; Thailand; Trinidad and Tobago; Tunisia; Egypt; Tanzania; Venezuela, Bolivarian Republic of
Israel; United States of America
Australia; New Zealand
Argentina; Bolivia, Plurinational State of; Brazil; Chile; Colombia; Cuba; Ecuador; Mexico; Paraguay; Peru; Uruguay; Venezuela, Bolivarian Republic of
Australia; Solomon Islands; Cook Islands; Fiji; Kiribati; Nauru; Vanuatu; New Zealand; Niue; Micronesia, Federated States of; Marshall Islands; Papua New Guinea; Tonga; Tuvalu; Samoa
Syrian Arab Republic; Austria;Belgium;Bulgaria;Croatia;Cyprus;Czech Republic;Denmark;Estonia;Finland;France;Germany;Greece;Hungary;Ireland;Italy;Latvia;Lithuania;Luxembourg;Malta;Netherlands;Poland;Portugal;Romania;Slovak Republic;Slovenia;Spain;Sweden
Australia; Papua New Guinea
Bangladesh; Sri Lanka; China; India; Korea, Republic of; Lao People's Democratic Republic
Antigua and Barbuda; Bahamas; Barbados; Belize; Dominica; Grenada; Guyana; Haiti; Jamaica; Montserrat; Saint Kitts and Nevis; Saint Lucia; Saint Vincent and the Grenadines; Suriname; Trinidad and Tobago
Norway; Austria;Belgium;Bulgaria;Croatia;Cyprus;Czech Republic;Denmark;Estonia;Finland;France;Germany;Greece;Hungary;Ireland;Italy;Latvia;Lithuania;Luxembourg;Malta;Netherlands;Poland;Portugal;Romania;Slovak Republic;Slovenia;Spain;Sweden
Iceland; Austria;Belgium;Bulgaria;Croatia;Cyprus;Czech Republic;Denmark;Estonia;Finland;France;Germany;Greece;Hungary;Ireland;Italy;Latvia;Lithuania;Luxembourg;Malta;Netherlands;Poland;Portugal;Romania;Slovak Republic;Slovenia;Spain;Sweden
Liechtenstein; Switzerland; Austria;Belgium;Bulgaria;Croatia;Cyprus;Czech Republic;Denmark;Estonia;Finland;France;Germany;Greece;Hungary;Ireland;Italy;Latvia;Lithuania;Luxembourg;Malta;Netherlands;Poland;Portugal;Romania;Slovak Republic;Slovenia;Spain;Sweden
Bangladesh; Brazil; Chile; Israel; Korea, Republic of; Mexico; Pakistan; Paraguay; Peru; Philippines; Tunisia; Turkey; Egypt; Uruguay; Serbia
Bermuda; British Indian Ocean Territory; Virgin Islands, British; Cayman Islands; Falkland Islands (Islas Malvinas); South Georgia and the South Sandwich Islands; French Polynesia; French Southern Territories; Greenland; Montserrat; Netherlands Antilles; Aruba, the Netherlands with respect to; New Caledonia; Pitcairn; British Overseas Territory of Saint Helena, Ascension and Tristan da Cunha; Anguilla; Saint Pierre and Miquelon; Turks and Caicos Islands; Wallis and Futuna Islands; Austria;Belgium;Bulgaria;Croatia;Cyprus;Czech Republic;Denmark;Estonia;Finland;France;Germany;Greece;Hungary;Ireland;Italy;Latvia;Lithuania;Luxembourg;Malta;Netherlands;Poland;Portugal;Romania;Slovak Republic;Slovenia;Spain;Sweden
Costa Rica; El Salvador; Guatemala; Honduras; Nicaragua; Panama
Iceland; Liechtenstein; Norway; Switzerland
Austria; Belgium; Bulgaria; Croatia; Cyprus; Czech Republic; Denmark; Estonia; Finland; France; Germany; Greece; Hungary; Ireland; Italy; Latvia; Lithuania; Luxembourg; Malta; Netherlands; Poland; Portugal; Romania; Slovak Republic; Slovenia; Spain; Sweden
